,0
не,495
нет,227
на,212
мягкие,201
и,188
подгузники,141
цена,114
хорошо,110
не протекают,109
ночь,107
очень,97
в,95
хорошие,91
впитывают,86
но,84
по,78
трусики,72
качество,63
с,48
отличные,47
за,46
все,42
для,41
нам,38
рекомендую,38
у,36
что,35
раз,34
к,34
есть,33
хватает,33
кг,32
удобные,32
тонкие,31
как,30
еще,29
внутри,28
их,27
памперсы,27
аллергии,27
только,25
уже,25
резинка,25
размер,25
много,24
а,24
ребенок,24
понравились,23
без,23
протекают,22
после,22
отлично,22
они,22
эти,22
это,22
сухая,21
от,21
всю,21
держат,21
лучшие,21
хорошая,20
ребенка,20
запаха,20
больше,19
этой,19
выдерживают,19
из,19
ценакачество,18
беру,18
чем,17
мы,17
малыша,17
размеру,17
не вызывают,17
попа,17
цену,16
них,16
раздражения,16
подгузников,16
же,16
всегда,15
даже,15
влагу,15
кожа,15
не протекает,15
брать,15
буду,15
нас,15
до,14
довольна,14
хорошее,14
я,14
так,14
пока,14
советую,14
немного,14
care,14
когда,14
приятные,13
ночью,13
самые,13
нравятся,13
пользуемся,13
подгузник,13
7,13
momi,13
ничего,13
ultra,12
памперс,12
подошли,12
попка,12
долго,12
будем,12
если,12
ребенку,12
5,12
ни,12
фирмы,12
спинке,12
бы,11
не было,11
берем,11
10,11
используем,11
не хуже,11
акции,10
день,10
днем,10
ощупь,10
соотношение,10
сидят,10
сейчас,10
доставка,10
при,10
мне,10
покупке,10
брали,10
не натирают,10
цене,9
то,9
часов,9
индикатор,9
заказывать,9
постоянно,9
остаются,9
разу,9
раздражений,9
не нашла,9
6,9
была,9
толстые,9
липучки,9
супер,9
не первый,9
подгузы,9
меня,9
быстро,9
можно,8
первый,8
неплохие,8
заказала,8
4,8
раздражение,8
резиночка,8
того,8
премиум,8
качеству,8
целом,8
иногда,8
не вызвали,8
быстрая,8
со,8
более,8
аллергию,8
не давят,8
сзади,7
достаточно,7
лучше,7
дешевле,7
удобно,7
довольны,7
мягкий,7
свою,7
теперь,7
спасибо,7
не обнаружила,7
всем,7
поверхность,7
пару,7
мягкая,7
сухие,7
использования,7
сильно,7
конечно,7
полностью,7
которые,7
подходят,7
тут,7
марки,7
купила,7
тоже,7
резинки,7
2,7
хотя,7
телу,7
нравится,7
сразу,7
часа,7
качества,7
сухой,7
отличное,7
нигде,7
чуть,6
плохо,6
не маломерят,6
снаружи,6
слой,6
не уступают,6
не выявлено,6
сухими,6
товар,6
комфортно,6
малыш,6
поэтому,6
липучка,6
трусиками,6
просто,6
дорогим,6
пробу,6
т,6
ими,6
своей,6
брала,6
следы,6
нету,6
упаковки,6
или,6
подходит,6
запах,6
идеально,6
этом,6
8,6
12,6
моми,6
протечек,6
этого,6
нежные,6
серии,6
ночи,6
покупаем,6
все отлично,6
жидкий,6
всех,6
опрелостей,6
замечательные,6
тоненькие,6
почти,6
не протекли,6
удобная,6
хаггис,6
легкие,6
не обнаружили,5
не протикают,5
l,5
вообще,5
резиночки,5
рождения,5
стул,5
отличная,5
эту,5
комфорт,5
s,5
не преет,5
утилизации,5
пробовали,5
спим,5
решила,5
comfort,5
коже,5
покупаю,5
протеканий,5
цены,5
такую,5
впитывает,5
большие,5
раньше,5
других,5
внутренний,5
нормально,5
не комкуются,5
лента,5
элит,5
софт,5
меньше,5
отличный,5
давно,5
такие,5
остается,5
не очень,5
особенно,5
были,5
идут,5
качественные,5
перешли,5
одевать,5
протекли,5
разных,5
именно,5
3,5
ножки,5
тк,4
протекает,4
все хорошо,4
не в,4
влажная,4
всей,4
осталась,4
рисунок,4
надевать,4
упаковка,4
держит,4
дальше,4
меняю,4
большемерят,4
приятная,4
фирм,4
изза,4
ничем,4
одном,4
протекали,4
покупать,4
отличие,4
пользуюсь,4
классные,4
правда,4
писает,4
приятный,4
тех,4
подойдут,4
справляются,4
ли,4
пользовались,4
хороший,4
подгузниками,4
форма,4
понравилось,4
может,4
могут,4
год,4
не жмут,4
года,4
не обнаружено,4
всего,4
перепробовали,4
другие,4
использовать,4
заказываем,4
дочь,4
думаю,4
вес,4
взяла,4
впитываемость,4
размера,4
раза,4
совсем,4
воды,4
не текут,4
не промокают,4
похожи,4
протечки,4
не плохие,4
соответствует,4
сравнению,4
одеваем,4
наполнения,4
проблема,4
марок,4
памперсами,4
не комкаются,4
преет,4
часто,4
не подошли,4
широкие,4
пришли,3
упаковку,3
5кг,3
этими,3
весит,3
прекрасно,3
не буду,3
чтобы,3
утро,3
будут,3
трусиков,3
неприятного,3
вариант,3
приемлемая,3
мокрая,3
свои,3
не течет,3
через,3
сын,3
пользоваться,3
ножках,3
он,3
ультра,3
салфеткой,3
многие,3
толстоваты,3
застежки,3
менять,3
возможно,3
любимые,3
моя,3
дорогих,3
не маломерки,3
мягче,3
попе,3
кожу,3
сожалению,3
под,3
шт,3
ребенке,3
между,3
покупала,3
не давит,3
липкая,3
широкая,3
маломерят,3
сколько,3
спине,3
таких,3
все супер,3
кеа,3
влаги,3
редко,3
мой,3
хорошего,3
небольшой,3
либо,3
вполне,3
выгоднее,3
полный,3
цвет,3
прям,3
сон,3
скидкой,3
доволен,3
всетаки,3
сами,3
плотные,3
пленку,3
чтоб,3
большой,3
наполнитель,3
пописа,3
тем,3
кто,3
намного,3
самое,3
хагисов,3
маломерки,3
тянутся,3
этих,3
сели,3
ну,3
главное,3
не выявили,3
месяцев,3
числе,3
застежка,3
том,3
подгузника,3
пачка,3
эта,3
трусы,3
задачей,3
бренды,3
спит,3
красной,3
1,3
попробовать,3
утра,3
все понравилось,3
прогулку,3
соответствуют,3
сидит,3
три,3
утром,3
доставили,3
несколько,3
прилегают,3
лично,3
соотношению,3
нежный,3
недостатков,3
пьет,3
обязательно,3
берите,3
скорее,3
подгузнике,3
все же,3
той,3
постороннего,3
памперсов,3
слишком,3
один,3
хватало,3
материал,3
не вызывает,2
хагисс,2
полон,2
ним,2
подгузниках,2
японских,2
виде,2
парашют,2
ниже,2
посадка,2
попу,2
деньги,2
хорошую,2
мягкости,2
пол,2
минусов,2
бокам,2
легко,2
не отличаются,2
разве,2
хорошей,2
не подходят,2
9кг,2
попке,2
заказать,2
пухляшей,2
текут,2
мокрые,2
итоге,2
ощущениям,2
надуваются,2
звезды,2
жидкость,2
маловаты,2
твердая,2
во,2
проверяю,2
видно,2
псыков,2
жидкости,2
впитаться,2
парникового,2
наполнен,2
остановились,2
никаких,2
здесь,2
выдержали,2
не жмет,2
moony,2
плотно,2
не выдерживают,2
комок,2
соответсвуют,2
каких,2
недорогие,2
другим,2
эффекта,2
джунис,2
не первую,2
адекватная,2
облачко,2
образуется,2
ножкам,2
отзывов,2
начитавшись,2
большая,2
великоват,2
заказ,2
не открывали,2
однозначно,2
прекрасные,2
вроде,2
плюс,2
отличии,2
замечательно,2
использовании,2
болтаются,2
оказались,2
животик,2
хоть,2
потому,2
910,2
остановилась,2
не шуршат,2
пробовала,2
впервые,2
дня,2
размерный,2
ряд,2
m,2
шуршат,2
тестить,2
норм,2
вместо,2
влажность,2
весим,2
не протек,2
сравнение,2
не толстые,2
качественный,2
фирма,2
упакованные,2
заказываю,2
не разу,2
свободные,2
давят,2
два,2
не протекали,2
трусикам,2
не бывает,2
распределяется,2
равномерно,2
малышу,2
сыпь,2
не выскакивает,2
заказывала,2
было,2
мокрый,2
продавцу,2
высыпаний,2
идеальный,2
выгодная,2
наверное,2
нечего,2
лучших,2
спереди,2
огонь,2
высокая,2
все устраивает,2
не хватает,2
взгляд,2
34,2
животике,2
видео,2
мягенькие,2
м,2
малыше,2
липнут,2
отвисают,2
оставляют,2
вызывают,2
тформы,2
сильные,2
не пожалеете,2
серию,2
серия,2
не подводили,2
выдерживали,2
упаковке,2
дышат,2
какбудто,2
сна,2
сказала,2
спустя,2
детскую,2
большеваты,2
закажу,2
высоте,2
фирмой,2
резинкой,2
не пробовала,2
сравнить,2
дизайн,2
все ок,2
зашли,2
дорого,2
довольно,2
да,2
месяца,2
выбирала,2
момент,2
не имеют,2
опрелости,2
наполняются,2
фирму,2
случаев,2
мальчик,2
отзывам,2
покупали,2
надолго,2
был,2
возвращаемся,2
бывает,2
влажные,2
влажности,2
ура,2
толстоватые,2
полноразмерные,2
оставлять,2
красивый,2
упакованы,2
поясе,2
теле,2
радует,2
дышашие,2
минимум,2
влажный,2
ужасные,2
руб,2
принципе,2
не критично,2
боялась,2
единственное,2
трусикиподгузники,2
сначала,2
самый,2
полоски,2
прочные,2
времени,2
основу,2
стали,2
плотность,2
устраивают,2
подгузникам,2
купить,2
обычные,2
отсутствует,2
11кг,2
00,2
не знаю,2
взяли,2
спокойно,2
все время,2
какие,2
месте,2
пописов,2
выбора,2
пачки,2
запас,2
вариантов,2
отдушки,2
производителя,2
качестве,2
никакого,2
количество,2
нужны,2
мес,2
попробовала,2
памперса,2
стала,2
постоянную,2
этим,2
обезьянками,2
ножек,2
индикаторы,2
не то,2
все равно,2
huggies,2
магазинах,2
удобнее,2
сказать,2
честно,2
писать,2
полгода,2
точно,2
держится,2
не тугая,2
нужно,2
толщина,2
холодная,2
дальнейшем,2
известных,2
которой,2
наполняемости,2
не нашли,2
данной,2
вот,2
тянется,2
становится,2
не понравились,2
не сильно,2
не полностью,2
примерно,2
нашли,2
10кг,2
меррис,2
подгуз,2
непонятно,2
взял,2
комкуются,2
ночные,2
малышки,2
наш,2
перепробовала,2
крайне,2
впитываемось,1
теплые,1
уступают,1
фиксации,1
почаще,1
хватают,1
сложно,1
мякгая,1
сухим,1
приятно,1
удивлена,1
отдушка,1
дневного,1
одеваемся,1
нужнопотоньше,1
второй,1
доступная,1
моча,1
не заметила,1
скапливается,1
частой,1
какает,1
передней,1
реьенку,1
алергии,1
памперсйокосан,1
смене,1
части,1
9100,1
не распределяется,1
широкий,1
рвать,1
потоньше,1
скрученного,1
маркой,1
нашей,1
качествр,1
ночь910ч,1
joonies,1
проверила,1
yokosun,1
ношения,1
жидком,1
поясок,1
смотрятся,1
продолжительного,1
стуле,1
принт,1
спину,1
испробовали,1
комуто,1
показаться,1
слабоватыми,1
ползает,1
пойдут,1
подарок,1
племяннице,1
бумажные,1
бумага,1
деле,1
не пробывали,1
сотами,1
любимой,1
проблем,1
жесткие,1
химии,1
использованного,1
ту,1
которую,1
не обнаружил,1
хорошиц,1
покупки,1
линеек,1
посередине,1
отличных,1
звздочками,1
разы,1
невероятно,1
крайние,1
справа,1
цветочками,1
полне,1
не премиум,1
сравнении,1
тоставаты,1
хотелось,1
протекать,1
не толстенькие,1
реьеночек,1
не лежит,1
повреждена,1
необнаоужила,1
понравилась,1
советуем,1
малышей,1
не прела,1
доставки,1
памеперс,1
мэррис,1
колющими,1
комков,1
твердях,1
не удобно,1
дату,1
мягкиехорошо,1
частичек,1
переносят,1
почему,1
доставкой,1
не упакованы,1
не пропускают,1
распределен,1
не был,1
мокрым,1
не сравняться,1
хангисами,1
любовь,1
не плохо,1
швами,1
замечательное,1
выпьет,1
сверху,1
поднузнтки,1
зайдут,1
субъективный,1
фактор,1
отдаем,1
популярные,1
сбоку,1
ручки,1
порвались,1
не маломерит,1
небольшая,1
снаружипочти,1
кал,1
не возникало,1
считаю,1
достойное,1
все остается,1
не мерзла,1
не пить,1
приятную,1
52,1
покакает,1
защищает,1
не вызвал,1
резинокпопадаются,1
упаковали,1
отсутствия,1
появлялись,1
покраснения,1
соотношением,1
резинок,1
продолжим,1
следов,1
также,1
хотим,1
будущем,1
приобретению,1
не увидела,1
застежек,1
большиеиушки,1
предпочтение,1
промокают,1
нашем,1
немножко,1
все не,1
животика,1
имеется,1
дома,1
марка,1
результатом,1
крупненький,1
стоят,1
появляются,1
такого,1
аналогами,1
не краснеет,1
не преем,1
малышка,1
каждой,1
мамы,1
не удобны,1
сползают,1
все ,1
моей,1
этому,1
малышке,1
активный,1
подойдет,1
не просыпались,1
луже,1
шву,1
рвутся,1
сырая,1
снимать,1
случае,1
подошло,1
мягко,1
прекраано,1
мякгие,1
вырост,1
не хватило,1
переодевались,1
естественно,1
проснулся,1
весь,1
восторге,1
67,1
веселый,1
смены,1
натирают,1
21,1
все мокрое,1
не дорого,1
наполнился,1
чувство,1
не много,1
нежную,1
шелестит,1
не пахнут,1
химией,1
верхний,1
тереть,1
ощущения,1
8200,1
малышанедостаточно,1
аллергия,1
не появилась,1
не протиквбт,1
не создают,1
не подвели,1
категории,1
подсели,1
выгодные,1
13кг,1
не вызыал,1
не потеет,1
главные,1
влажноватая,1
не советовала,1
полноразмерность,1
тд,1
не большие,1
скидки,1
худенькая,1
клевые,1
рост,1
86,1
достоинства,1
неплохое,1
весомо,1
переполненностине,1
чувствовалась,1
баснословно,1
вовремя,1
поменяла,1
длине,1
выдержать,1
подскочили,1
те,1
pampersов,1
явных,1
остановили,1
свой,1
выбор,1
хаггисам,1
остались,1
xl,1
аыдерж,1
пользовалась,1
все эти,1
сфотографировала,1
сеточки,1
ктото,1
вырос,1
хагис,1
писал,1
остальные,1
не пожалела,1
все одинаковые,1
продавца,1
остальных,1
протирают,1
вают,1
отношениях,1
меняем,1
не уступает,1
все серии,1
23часа,1
не больше,1
незначительный,1
сильное,1
реакции,1
присутствует,1
знакомым,1
не правильно,1
подобрали,1
подарили,1
ей,1
мериес,1
л,1
приятней,1
удобной,1
не каких,1
ленталипучка,1
писала,1
дочка,1
трусикахне,1
причтные,1
известные,1
какойто,1
получаются,1
поверхности,1
маломерятна,1
разумное,1
шикарный,1
пошли,1
полоскииндикаторыесть,1
подтиканий,1
наличие,1
сниматьесть,1
не былоудобно,1
хлипкие,1
ошиблась,1
параметрам,1
упаковкахорошая,1
альтернатива,1
меррисам,1
твердый,1
бренда,1
одни,1
описанию,1
разные,1
ценовой,1
тяжеленькое,1
превосходно,1
xlудобно,1
материалу,1
3ку,1
ощутимой,1
разницы,1
см,1
ждать,1
большего,1
нормальные,1
вписываются,1
талии,1
держали,1
взади,1
небольшие,1
ширину,1
тянут,1
мину,1
не слишком,1
не понравился,1
суха,1
не кусается,1
объемно,1
нестрашно,1
текутно,1
не считаю,1
высокие,1
средняя,1
не хватать,1
недостаток,1
материала,1
отдушек,1
упаковано,1
надеваю,1
100,1
кучу,1
функцией,1
не гелевые,1
испробовала,1
данными,1
фирме,1
ненадежные,1
не менее,1
решиночки,1
приучению,1
резинке,1
снаруди,1
пробовать,1
широковаты,1
худенького,1
счет,1
не натирает,1
влагувнутри,1
ночьнет,1
аллергической,1
отличной,1
реакциидовольно,1
мягкиеудобная,1
будет,1
утилизация,1
достойный,1
поменьше,1
ходят,1
аналог,1
мягкиевпитывают,1
не стояли,1
ползают,1
хорошопочти,1
движения,1
не сковывают,1
диапозоне,1
комфортны,1
рекордную,1
шли,1
формировался,1
долгая,1
целая,1
пупырчатая,1
носки,1
размерам,1
поменяли,1
дважды,1
оба,1
абсорбент,1
прежде,1
подобных,1
находка,1
не поменять,1
не бывают,1
большинства,1
брендов,1
линейку,1
не меняем,1
сух,1
толщины,1
средрей,1
не дорогие,1
идни,1
вотвремя,1
данном,1
ценовом,1
следующий,1
рнбенка,1
порой,1
формат,1
не выдержит,1
плане,1
закупилась,1
выполняют,1
игр,1
все для,1
не пропускает,1
жизни,1
не нравится,1
не худой,1
тформа,1
носить,1
не пьет,1
9,1
водохлебов,1
свободнее,1
активных,1
качестно,1
показались,1
не натерают,1
любого,1
слабыми,1
брендовых,1
пользуемсяни,1
прочих,1
функцию,1
радостей,1
бомба,1
влага,1
ровно,1
горшку,1
черной,1
первому,1
животе,1
резинку,1
ножкахнадо,1
удобный,1
геля,1
иначе,1
пачкене,1
покраснение,1
е,1
заявленному,1
qформа,1
восторга,1
не произошло,1
неприятногосоответствуют,1
имеют,1
классно,1
алергиине,1
помню,1
мягкиене,1
3д,1
все такие,1
оценили,1
слойрезинка,1
мягенький,1
товсе,1
самого,1
все классные,1
пятнице,1
выходов,1
штанишки,1
красиво,1
сидели,1
бесплатно,1
удобней,1
не будем,1
ценовая,1
устраивает,1
74,1
количеством,1
троичка,1
продажи,1
продала,1
политика,1
слова,1
комыортная,1
общем,1
вызвали,1
грубые,1
все собирается,1
совместно,1
поликлиники,1
ночам,1
штук,1
20,1
пределах,1
1000,1
проблемы,1
выкинуть,1
свернуть,1
снимает,1
писюн,1
слабоваты,1
непромокаемость,1
критерием,1
важным,1
не протекающие,1
полненький,1
скручивания,1
клейкая,1
месяц,1
р,1
дополнительной,1
прислали,1
жестче,1
претензий,1
аккуратней,1
тогда,1
перевозите,1
не можете,1
упаковать,1
уж,1
детей,1
товары,1
везете,1
все таки,1
не дрова,1
повреждением,1
какой,1
мало,1
приходит,1
самим,1
ценна,1
начали,1
tape,1
не просвечивает,1
одежду,1
не яркий,1
ночьникаких,1
трусиках,1
не царапают,1
не обещалось,1
дипучки,1
yokosan,1
мои,1
soft,1
elite,1
стоимость,1
отличную,1
появлялось,1
кишечником,1
не одевать,1
проверки,1
живота,1
маленькие,1
будто,1
сидеть,1
должны,1
не понятно,1
7кг,1
не влажная,1
потолще,1
бренд,1
этот,1
не холодные,1
не мокнут,1
приемлимая,1
многочисленного,1
многих,1
линии,1
спины,1
утилизационная,1
ног,1
тоньше,1
пухляш,1
мешочком,1
впиталась,1
сдали,1
тест,1
просвет,1
смотрю,1
затем,1
даю,1
наливаю,1
стакан,1
новые,1
плотный,1
собирается,1
сочетание,1
не разочаровалась,1
34часа,1
отличаются,1
топ,1
ценнику,1
адекватному,1
впитывающие,1
бывают,1
переполнен,1
влажным,1
качествоцена,1
сходя,1
не получилосьночью,1
достоинству,1
оценить,1
ночьно,1
одеть,1
потом,1
попробовали,1
ценник,1
весом,1
ущерба,1
впитываю,1
первые,1
пухлую,1
справляется,1
не критичнос,1
велики,1
чутьчуть,1
нежной,1
важно,1
запахом,1
химозным,1
материалом,1
полиэтиленовым,1
убили,1
не японские,1
рябята,1
гораздо,1
получше,1
рука,1
целый,1
влажными,1
быть,1
частые,1
попадать,1
подгузов,1
начинали,1
полные,1
полугода,1
дешевых,1
прияные,1
видов,1
основном,1
меняла,1
бывало,1
не перетягивают,1
томуже,1
2шт,1
красивые,1
возьмем,1
мягонькие,1
ярче,1
тусклые,1
абсолютно,1
проверили,1
ночных,1
приобрели,1
не стала,1
влажной,1
оставалась,1
наша,1
всеми,1
явление,1
частое,1
кефира,1
телосложения,1
слабо,1
не сказала,1
посмотреть,1
наглядно,1
разбухает,1
другими,1
наполняют,1
дневные,1
перейди,1
им,1
подруге,1
посоветовала,1
нормальная,1
лекало,1
распределение,1
не вызвают,1
далеко,1
опыт,1
мальчика,1
среднего,1
плохие,1
пустые,1
обьемными,1
выглядят,1
внешне,1
смотрится,1
наполненном,1
привлекла,1
не сразу,1
тусклый,1
полосок,1
индикаторных,1
где,1
подгузнику,1
фото,1
оценку,1
подклад,1
третий,1
сеточка,1
оставила,1
разрекламированных,1
хаггисами,1
не лучше,1
коробке,1
картонной,1
54,1
две,1
дочку,1
не держать,1
стараюсь,1
него,1
ведь,1
выкидывать,1
жалко,1
не писаем,1
данного,1
не потекли,1
излишняя,1
больщие,1
прочитала,1
не внимательно,1
хотела,1
получила,1
заменить,1
полоска,1
индикаторная,1
целые,1
резиночи,1
йкосан,1
местами,1
окрашен,1
проявились,1
наполняемость,1
показывают,1
столько,1
толстенькиетолстенькие,1
продавец,1
понравиль,1
маленькое,1
1012,1
садятся,1
наполнение,1
толстовато,1
яркий,1
учитывая,1
штуку,1
чувствительная,1
ретенка,1
плотноваты,1
обысные,1
повреждений,1
пришла,1
отправил,1
присутствие,1
стремимся,1
деток,1
защита,1
зря,1
не подойдут,1
мб,1
вопросы,1
отвечает,1
не прогадала,1
611,1
48,1
думала,1
мега,1
мамацена,1
счастлива,1
утраспокоен,1
ночной,1
резиночексборочек,1
воду,1
тельцу,1
подошел,1
большиеширокие,1
брендам,1
не нашел,1
движениях,1
не плотно,1
пачке,1
заявлено,1
толстый,1
не 6,1
все 100,1
она,1
дочуне,1
просторные,1
бейби,1
эктив,1
не ожидала,1
фиксируются,1
40,1
4200,1
пробывали,1
уходить,1
помогают,1
пьем,1
отзывы,1
приобретала,1
низкая,1
не комкает,1
не провобовали,1
влаженая,1
слегка,1
трусов,1
внутренная,1
пары,1
протекалидовольна,1
прстоянно,1
все держат,1
прибывала,1
не тянут,1
натирали,1
детский,1
пойдет,1
качеством,1
возможны,1
дневной,1
наутро,1
трусикивсю,1
комментариев,1
незнаю,1
не на,1
мериас,1
джеьные,1
писаем,1
давольны,1
тканюшка,1
защитная,1
никакой,1
срок,1
проимкаои,1
готодности,1
premium,1
pampers,1
купили,1
впитывпют,1
мальчику,1
магазине,1
демократичная,1
приятны,1
хоршие,1
не повреждена,1
пришло,1
крепления,1
не удобные,1
дешевые,1
не самые,1
не протекая,1
пришел,1
обернут,1
доступную,1
не успеешь,1
протикает,1
беда,1
не прогадаете,1
границе,1
нижней,1
девочки,1
совет,1
сильнее,1
6утра,1
9вечера,1
максимум,1
6кг,1
850р,1
скидке,1
надеть,1
3d,1
чего,1
бюджетной,1
5400г,1
не протирают,1
обычных,1
не найти,1
запахов,1
любимых,1
одна,1
практически,1
толщине,1
слоем,1
внутренним,1
качественным,1
шире,1
monkey,1
серией,1
набухли,1
не трусики,1
полиэтиленовую,1
толще,1
обычнные,1
ultrа,1
звезд,1
поставила,1
производителей,1
линейки,1
премиальной,1
все подгузники,1
не все,1
не пробовал,1
сам,1
смело,1
ожидании,1
положительных,1
сама,1
плотнее,1
покупкой,1
ошибки,1
качественно,1
разница,1
екосан,1
пупырчатые,1
не вижу,1
плохого,1
не перешла,1
жалею,1
ошибке,1
подгузам,1
милый,1
2100,1
55,1
оценка,1
не заметил,1
гипоаллергенны,1
сползает,1
крутится,1
не маленькие,1
лета,1
799,1
ценами,1
безумия,1
начиная,1
улучшенными,1
считаются,1
надежности,1
не совсем,1
не слетают,1
руку,1
берешь,1
пупырка,1
фаворитка,1
индикаторные,1
прохладного,1
пачку,1
удобство,1
подгузникпуховик,1
наши,1
носим,1
цпаковку,1
вторую,1
рады,1
домамы,1
прямо,1
открыли,1
выдачи,1
пункт,1
жать,1
свободно,1
строго,1
сына,1
вб,1
пробуем,1
складка,1
вместительные,1
нашла,1
ставлю,1
оставлял,1
налезают,1
ближе,1
моим,1
сетке,1
размерной,1
приятнее,1
youkoson,1
намокания,1
надеваются,1
маломерит,1
м59,1
сравнила,1
не успевает,1
напор,1
сравнивая,1
одну,1
удержиаают,1
звезду,1
исключительно,1
не двигался,1
повседневку,1
последние,1
выбирали,1
шестерки,1
аналогам,1
не уступающие,1
скам,1
никакие,1
не рекомендую,1
никому,1
надевания,1
минут,1
510,1
перебрала,1
все наши,1
лепучек,1
отличые,1
q,1
неплохо,1
непротекают,1
лгкие,1
невысокая,1
не понравилось,1
вообщем,1
грубоватые,1
одет,1
использую,1
трусишки,1
время,1
остальное,1
толстенькие,1
трусишками,1
появились,1
данный,1
верх,1
ему,1
manu,1
советовать,1
не вызвало,1
кончилась,1
отзыв,1
пишу,1
впитывт,1
ок,1
не раздражает,1
не выявила,1
реьенка,1
весу,1
малы,1
наверно,1
8кг,1
крутые,1
не холодит,1
запросы,1
не справились,1
индикации,1
полоса,1
давненько,1
килограмм,1
не собираются,1
комки,1
превосходное,1
красноты,1
великолепны,1
использованию,1
большинством,1
соразмерные,1
полохо,1
пописах,1
нескольких,1
идет,1
спали,1
наполняется,1
мерис,1
улицу,1
не разочаровались,1
впритык,1
заполняются,1
целую,1
пронести,1
не вытекает,1
длинного,1
ночного,1
не тонкие,1
не протикающие,1
класс,1
мунам,1
мэрис,1
замена,1
запечатаны,1
